pID,condition,interaction,task,question,value
2,smallmultiples_overlays_shadowmarks,smallmultiples,1,MentalDemand,7
2,smallmultiples_overlays_shadowmarks,smallmultiples,1,PhysicalDemand,1
2,smallmultiples_overlays_shadowmarks,smallmultiples,1,TemporalDemand,6
2,smallmultiples_overlays_shadowmarks,smallmultiples,1,Performance,6
2,smallmultiples_overlays_shadowmarks,smallmultiples,1,Effort,6
2,smallmultiples_overlays_shadowmarks,smallmultiples,1,Frustration,7
2,smallmultiples_overlays_shadowmarks,smallmultiples,1,Guessing,6
2,smallmultiples_overlays_shadowmarks,smallmultiples,1,PerceivedAccuracy,1
2,smallmultiples_overlays_shadowmarks,smallmultiples,1,TaskDifficulty,7
2,smallmultiples_overlays_shadowmarks,smallmultiples,1,TechniqueDifficulty,4
2,smallmultiples_overlays_shadowmarks,overlays,1,MentalDemand,6
2,smallmultiples_overlays_shadowmarks,overlays,1,PhysicalDemand,1
2,smallmultiples_overlays_shadowmarks,overlays,1,TemporalDemand,6
2,smallmultiples_overlays_shadowmarks,overlays,1,Performance,5
2,smallmultiples_overlays_shadowmarks,overlays,1,Effort,7
2,smallmultiples_overlays_shadowmarks,overlays,1,Frustration,7
2,smallmultiples_overlays_shadowmarks,overlays,1,Guessing,5
2,smallmultiples_overlays_shadowmarks,overlays,1,PerceivedAccuracy,4
2,smallmultiples_overlays_shadowmarks,overlays,1,TaskDifficulty,6
2,smallmultiples_overlays_shadowmarks,overlays,1,TechniqueDifficulty,3
2,smallmultiples_overlays_shadowmarks,shadowmarkers,1,MentalDemand,6
2,smallmultiples_overlays_shadowmarks,shadowmarkers,1,PhysicalDemand,1
2,smallmultiples_overlays_shadowmarks,shadowmarkers,1,TemporalDemand,7
2,smallmultiples_overlays_shadowmarks,shadowmarkers,1,Performance,4
2,smallmultiples_overlays_shadowmarks,shadowmarkers,1,Effort,5
2,smallmultiples_overlays_shadowmarks,shadowmarkers,1,Frustration,7
2,smallmultiples_overlays_shadowmarks,shadowmarkers,1,Guessing,3
2,smallmultiples_overlays_shadowmarks,shadowmarkers,1,PerceivedAccuracy,4
2,smallmultiples_overlays_shadowmarks,shadowmarkers,1,TaskDifficulty,4
2,smallmultiples_overlays_shadowmarks,shadowmarkers,1,TechniqueDifficulty,3
5,overlays_shadowmarks_smallmultiples,smallmultiples,1,MentalDemand,2
5,overlays_shadowmarks_smallmultiples,smallmultiples,1,PhysicalDemand,2
5,overlays_shadowmarks_smallmultiples,smallmultiples,1,TemporalDemand,3
5,overlays_shadowmarks_smallmultiples,smallmultiples,1,Performance,5
5,overlays_shadowmarks_smallmultiples,smallmultiples,1,Effort,2
5,overlays_shadowmarks_smallmultiples,smallmultiples,1,Frustration,2
5,overlays_shadowmarks_smallmultiples,smallmultiples,1,Guessing,5
5,overlays_shadowmarks_smallmultiples,smallmultiples,1,PerceivedAccuracy,2
5,overlays_shadowmarks_smallmultiples,smallmultiples,1,TaskDifficulty,5
5,overlays_shadowmarks_smallmultiples,smallmultiples,1,TechniqueDifficulty,2
5,overlays_shadowmarks_smallmultiples,overlays,1,MentalDemand,1
5,overlays_shadowmarks_smallmultiples,overlays,1,PhysicalDemand,1
5,overlays_shadowmarks_smallmultiples,overlays,1,TemporalDemand,1
5,overlays_shadowmarks_smallmultiples,overlays,1,Performance,7
5,overlays_shadowmarks_smallmultiples,overlays,1,Effort,1
5,overlays_shadowmarks_smallmultiples,overlays,1,Frustration,7
5,overlays_shadowmarks_smallmultiples,overlays,1,Guessing,7
5,overlays_shadowmarks_smallmultiples,overlays,1,PerceivedAccuracy,1
5,overlays_shadowmarks_smallmultiples,overlays,1,TaskDifficulty,4
5,overlays_shadowmarks_smallmultiples,overlays,1,TechniqueDifficulty,4
5,overlays_shadowmarks_smallmultiples,shadowmarkers,1,MentalDemand,1
5,overlays_shadowmarks_smallmultiples,shadowmarkers,1,PhysicalDemand,1
5,overlays_shadowmarks_smallmultiples,shadowmarkers,1,TemporalDemand,1
5,overlays_shadowmarks_smallmultiples,shadowmarkers,1,Performance,2
5,overlays_shadowmarks_smallmultiples,shadowmarkers,1,Effort,2
5,overlays_shadowmarks_smallmultiples,shadowmarkers,1,Frustration,2
5,overlays_shadowmarks_smallmultiples,shadowmarkers,1,Guessing,2
5,overlays_shadowmarks_smallmultiples,shadowmarkers,1,PerceivedAccuracy,6
5,overlays_shadowmarks_smallmultiples,shadowmarkers,1,TaskDifficulty,2
5,overlays_shadowmarks_smallmultiples,shadowmarkers,1,TechniqueDifficulty,2
6,shadowmarks_smallmultiples_overlays,smallmultiples,1,MentalDemand,6
6,shadowmarks_smallmultiples_overlays,smallmultiples,1,PhysicalDemand,6
6,shadowmarks_smallmultiples_overlays,smallmultiples,1,TemporalDemand,5
6,shadowmarks_smallmultiples_overlays,smallmultiples,1,Performance,7
6,shadowmarks_smallmultiples_overlays,smallmultiples,1,Effort,7
6,shadowmarks_smallmultiples_overlays,smallmultiples,1,Frustration,7
6,shadowmarks_smallmultiples_overlays,smallmultiples,1,Guessing,7
6,shadowmarks_smallmultiples_overlays,smallmultiples,1,PerceivedAccuracy,2
6,shadowmarks_smallmultiples_overlays,smallmultiples,1,TaskDifficulty,7
6,shadowmarks_smallmultiples_overlays,smallmultiples,1,TechniqueDifficulty,2
6,shadowmarks_smallmultiples_overlays,overlays,1,MentalDemand,3
6,shadowmarks_smallmultiples_overlays,overlays,1,PhysicalDemand,3
6,shadowmarks_smallmultiples_overlays,overlays,1,TemporalDemand,3
6,shadowmarks_smallmultiples_overlays,overlays,1,Performance,3
6,shadowmarks_smallmultiples_overlays,overlays,1,Effort,3
6,shadowmarks_smallmultiples_overlays,overlays,1,Frustration,3
6,shadowmarks_smallmultiples_overlays,overlays,1,Guessing,3
6,shadowmarks_smallmultiples_overlays,overlays,1,PerceivedAccuracy,5
6,shadowmarks_smallmultiples_overlays,overlays,1,TaskDifficulty,3
6,shadowmarks_smallmultiples_overlays,overlays,1,TechniqueDifficulty,3
6,shadowmarks_smallmultiples_overlays,shadowmarkers,1,MentalDemand,5
6,shadowmarks_smallmultiples_overlays,shadowmarkers,1,PhysicalDemand,5
6,shadowmarks_smallmultiples_overlays,shadowmarkers,1,TemporalDemand,3
6,shadowmarks_smallmultiples_overlays,shadowmarkers,1,Performance,5
6,shadowmarks_smallmultiples_overlays,shadowmarkers,1,Effort,5
6,shadowmarks_smallmultiples_overlays,shadowmarkers,1,Frustration,5
6,shadowmarks_smallmultiples_overlays,shadowmarkers,1,Guessing,4
6,shadowmarks_smallmultiples_overlays,shadowmarkers,1,PerceivedAccuracy,5
6,shadowmarks_smallmultiples_overlays,shadowmarkers,1,TaskDifficulty,5
6,shadowmarks_smallmultiples_overlays,shadowmarkers,1,TechniqueDifficulty,2
7,shadowmarks_overlays_smallmultiples,smallmultiples,1,MentalDemand,2
7,shadowmarks_overlays_smallmultiples,smallmultiples,1,PhysicalDemand,1
7,shadowmarks_overlays_smallmultiples,smallmultiples,1,TemporalDemand,1
7,shadowmarks_overlays_smallmultiples,smallmultiples,1,Performance,1
7,shadowmarks_overlays_smallmultiples,smallmultiples,1,Effort,2
7,shadowmarks_overlays_smallmultiples,smallmultiples,1,Frustration,1
7,shadowmarks_overlays_smallmultiples,smallmultiples,1,Guessing,3
7,shadowmarks_overlays_smallmultiples,smallmultiples,1,PerceivedAccuracy,7
7,shadowmarks_overlays_smallmultiples,smallmultiples,1,TaskDifficulty,5
7,shadowmarks_overlays_smallmultiples,smallmultiples,1,TechniqueDifficulty,1
7,shadowmarks_overlays_smallmultiples,overlays,1,MentalDemand,2
7,shadowmarks_overlays_smallmultiples,overlays,1,PhysicalDemand,1
7,shadowmarks_overlays_smallmultiples,overlays,1,TemporalDemand,1
7,shadowmarks_overlays_smallmultiples,overlays,1,Performance,1
7,shadowmarks_overlays_smallmultiples,overlays,1,Effort,2
7,shadowmarks_overlays_smallmultiples,overlays,1,Frustration,1
7,shadowmarks_overlays_smallmultiples,overlays,1,Guessing,1
7,shadowmarks_overlays_smallmultiples,overlays,1,PerceivedAccuracy,7
7,shadowmarks_overlays_smallmultiples,overlays,1,TaskDifficulty,2
7,shadowmarks_overlays_smallmultiples,overlays,1,TechniqueDifficulty,1
7,shadowmarks_overlays_smallmultiples,shadowmarkers,1,MentalDemand,2
7,shadowmarks_overlays_smallmultiples,shadowmarkers,1,PhysicalDemand,1
7,shadowmarks_overlays_smallmultiples,shadowmarkers,1,TemporalDemand,1
7,shadowmarks_overlays_smallmultiples,shadowmarkers,1,Performance,2
7,shadowmarks_overlays_smallmultiples,shadowmarkers,1,Effort,3
7,shadowmarks_overlays_smallmultiples,shadowmarkers,1,Frustration,4
7,shadowmarks_overlays_smallmultiples,shadowmarkers,1,Guessing,1
7,shadowmarks_overlays_smallmultiples,shadowmarkers,1,PerceivedAccuracy,7
7,shadowmarks_overlays_smallmultiples,shadowmarkers,1,TaskDifficulty,3
7,shadowmarks_overlays_smallmultiples,shadowmarkers,1,TechniqueDifficulty,3
8,smallmultiples_overlays_shadowmarks,smallmultiples,1,MentalDemand,3
8,smallmultiples_overlays_shadowmarks,smallmultiples,1,PhysicalDemand,4
8,smallmultiples_overlays_shadowmarks,smallmultiples,1,TemporalDemand,5
8,smallmultiples_overlays_shadowmarks,smallmultiples,1,Performance,5
8,smallmultiples_overlays_shadowmarks,smallmultiples,1,Effort,5
8,smallmultiples_overlays_shadowmarks,smallmultiples,1,Frustration,5
8,smallmultiples_overlays_shadowmarks,smallmultiples,1,Guessing,6
8,smallmultiples_overlays_shadowmarks,smallmultiples,1,PerceivedAccuracy,3
8,smallmultiples_overlays_shadowmarks,smallmultiples,1,TaskDifficulty,5
8,smallmultiples_overlays_shadowmarks,smallmultiples,1,TechniqueDifficulty,5
8,smallmultiples_overlays_shadowmarks,overlays,1,MentalDemand,3
8,smallmultiples_overlays_shadowmarks,overlays,1,PhysicalDemand,3
8,smallmultiples_overlays_shadowmarks,overlays,1,TemporalDemand,5
8,smallmultiples_overlays_shadowmarks,overlays,1,Performance,4
8,smallmultiples_overlays_shadowmarks,overlays,1,Effort,3
8,smallmultiples_overlays_shadowmarks,overlays,1,Frustration,4
8,smallmultiples_overlays_shadowmarks,overlays,1,Guessing,3
8,smallmultiples_overlays_shadowmarks,overlays,1,PerceivedAccuracy,4
8,smallmultiples_overlays_shadowmarks,overlays,1,TaskDifficulty,3
8,smallmultiples_overlays_shadowmarks,overlays,1,TechniqueDifficulty,2
8,smallmultiples_overlays_shadowmarks,shadowmarkers,1,MentalDemand,3
8,smallmultiples_overlays_shadowmarks,shadowmarkers,1,PhysicalDemand,3
8,smallmultiples_overlays_shadowmarks,shadowmarkers,1,TemporalDemand,3
8,smallmultiples_overlays_shadowmarks,shadowmarkers,1,Performance,3
8,smallmultiples_overlays_shadowmarks,shadowmarkers,1,Effort,3
8,smallmultiples_overlays_shadowmarks,shadowmarkers,1,Frustration,2
8,smallmultiples_overlays_shadowmarks,shadowmarkers,1,Guessing,3
8,smallmultiples_overlays_shadowmarks,shadowmarkers,1,PerceivedAccuracy,5
8,smallmultiples_overlays_shadowmarks,shadowmarkers,1,TaskDifficulty,3
8,smallmultiples_overlays_shadowmarks,shadowmarkers,1,TechniqueDifficulty,2
9,smallmultiples_shadowmarks_overlays,smallmultiples,1,MentalDemand,5
9,smallmultiples_shadowmarks_overlays,smallmultiples,1,PhysicalDemand,2
9,smallmultiples_shadowmarks_overlays,smallmultiples,1,TemporalDemand,3
9,smallmultiples_shadowmarks_overlays,smallmultiples,1,Performance,5
9,smallmultiples_shadowmarks_overlays,smallmultiples,1,Effort,3
9,smallmultiples_shadowmarks_overlays,smallmultiples,1,Frustration,2
9,smallmultiples_shadowmarks_overlays,smallmultiples,1,Guessing,5
9,smallmultiples_shadowmarks_overlays,smallmultiples,1,PerceivedAccuracy,2
9,smallmultiples_shadowmarks_overlays,smallmultiples,1,TaskDifficulty,3
9,smallmultiples_shadowmarks_overlays,smallmultiples,1,TechniqueDifficulty,2
9,smallmultiples_shadowmarks_overlays,overlays,1,MentalDemand,3
9,smallmultiples_shadowmarks_overlays,overlays,1,PhysicalDemand,3
9,smallmultiples_shadowmarks_overlays,overlays,1,TemporalDemand,3
9,smallmultiples_shadowmarks_overlays,overlays,1,Performance,3
9,smallmultiples_shadowmarks_overlays,overlays,1,Effort,3
9,smallmultiples_shadowmarks_overlays,overlays,1,Frustration,3
9,smallmultiples_shadowmarks_overlays,overlays,1,Guessing,5
9,smallmultiples_shadowmarks_overlays,overlays,1,PerceivedAccuracy,5
9,smallmultiples_shadowmarks_overlays,overlays,1,TaskDifficulty,3
9,smallmultiples_shadowmarks_overlays,overlays,1,TechniqueDifficulty,3
9,smallmultiples_shadowmarks_overlays,shadowmarkers,1,MentalDemand,5
9,smallmultiples_shadowmarks_overlays,shadowmarkers,1,PhysicalDemand,3
9,smallmultiples_shadowmarks_overlays,shadowmarkers,1,TemporalDemand,3
9,smallmultiples_shadowmarks_overlays,shadowmarkers,1,Performance,5
9,smallmultiples_shadowmarks_overlays,shadowmarkers,1,Effort,3
9,smallmultiples_shadowmarks_overlays,shadowmarkers,1,Frustration,3
9,smallmultiples_shadowmarks_overlays,shadowmarkers,1,Guessing,5
9,smallmultiples_shadowmarks_overlays,shadowmarkers,1,PerceivedAccuracy,3
9,smallmultiples_shadowmarks_overlays,shadowmarkers,1,TaskDifficulty,3
9,smallmultiples_shadowmarks_overlays,shadowmarkers,1,TechniqueDifficulty,3
11,overlays_smallmultiples_shadowmarks,smallmultiples,1,MentalDemand,3
11,overlays_smallmultiples_shadowmarks,smallmultiples,1,PhysicalDemand,1
11,overlays_smallmultiples_shadowmarks,smallmultiples,1,TemporalDemand,1
11,overlays_smallmultiples_shadowmarks,smallmultiples,1,Performance,4
11,overlays_smallmultiples_shadowmarks,smallmultiples,1,Effort,5
11,overlays_smallmultiples_shadowmarks,smallmultiples,1,Frustration,1
11,overlays_smallmultiples_shadowmarks,smallmultiples,1,Guessing,5
11,overlays_smallmultiples_shadowmarks,smallmultiples,1,PerceivedAccuracy,3
11,overlays_smallmultiples_shadowmarks,smallmultiples,1,TaskDifficulty,4
11,overlays_smallmultiples_shadowmarks,smallmultiples,1,TechniqueDifficulty,4
11,overlays_smallmultiples_shadowmarks,overlays,1,MentalDemand,3
11,overlays_smallmultiples_shadowmarks,overlays,1,PhysicalDemand,1
11,overlays_smallmultiples_shadowmarks,overlays,1,TemporalDemand,1
11,overlays_smallmultiples_shadowmarks,overlays,1,Performance,2
11,overlays_smallmultiples_shadowmarks,overlays,1,Effort,3
11,overlays_smallmultiples_shadowmarks,overlays,1,Frustration,1
11,overlays_smallmultiples_shadowmarks,overlays,1,Guessing,4
11,overlays_smallmultiples_shadowmarks,overlays,1,PerceivedAccuracy,5
11,overlays_smallmultiples_shadowmarks,overlays,1,TaskDifficulty,2
11,overlays_smallmultiples_shadowmarks,overlays,1,TechniqueDifficulty,1
11,overlays_smallmultiples_shadowmarks,shadowmarkers,1,MentalDemand,4
11,overlays_smallmultiples_shadowmarks,shadowmarkers,1,PhysicalDemand,1
11,overlays_smallmultiples_shadowmarks,shadowmarkers,1,TemporalDemand,1
11,overlays_smallmultiples_shadowmarks,shadowmarkers,1,Performance,2
11,overlays_smallmultiples_shadowmarks,shadowmarkers,1,Effort,2
11,overlays_smallmultiples_shadowmarks,shadowmarkers,1,Frustration,1
11,overlays_smallmultiples_shadowmarks,shadowmarkers,1,Guessing,4
11,overlays_smallmultiples_shadowmarks,shadowmarkers,1,PerceivedAccuracy,4
11,overlays_smallmultiples_shadowmarks,shadowmarkers,1,TaskDifficulty,4
11,overlays_smallmultiples_shadowmarks,shadowmarkers,1,TechniqueDifficulty,4
15,shadowmarks_smallmultiples_overlays,smallmultiples,1,MentalDemand,1
15,shadowmarks_smallmultiples_overlays,smallmultiples,1,PhysicalDemand,1
15,shadowmarks_smallmultiples_overlays,smallmultiples,1,TemporalDemand,1
15,shadowmarks_smallmultiples_overlays,smallmultiples,1,Performance,6
15,shadowmarks_smallmultiples_overlays,smallmultiples,1,Effort,1
15,shadowmarks_smallmultiples_overlays,smallmultiples,1,Frustration,2
15,shadowmarks_smallmultiples_overlays,smallmultiples,1,Guessing,2
15,shadowmarks_smallmultiples_overlays,smallmultiples,1,PerceivedAccuracy,6
15,shadowmarks_smallmultiples_overlays,smallmultiples,1,TaskDifficulty,2
15,shadowmarks_smallmultiples_overlays,smallmultiples,1,TechniqueDifficulty,1
15,shadowmarks_smallmultiples_overlays,overlays,1,MentalDemand,1
15,shadowmarks_smallmultiples_overlays,overlays,1,PhysicalDemand,1
15,shadowmarks_smallmultiples_overlays,overlays,1,TemporalDemand,1
15,shadowmarks_smallmultiples_overlays,overlays,1,Performance,6
15,shadowmarks_smallmultiples_overlays,overlays,1,Effort,2
15,shadowmarks_smallmultiples_overlays,overlays,1,Frustration,3
15,shadowmarks_smallmultiples_overlays,overlays,1,Guessing,1
15,shadowmarks_smallmultiples_overlays,overlays,1,PerceivedAccuracy,6
15,shadowmarks_smallmultiples_overlays,overlays,1,TaskDifficulty,2
15,shadowmarks_smallmultiples_overlays,overlays,1,TechniqueDifficulty,1
15,shadowmarks_smallmultiples_overlays,shadowmarkers,1,MentalDemand,1
15,shadowmarks_smallmultiples_overlays,shadowmarkers,1,PhysicalDemand,1
15,shadowmarks_smallmultiples_overlays,shadowmarkers,1,TemporalDemand,1
15,shadowmarks_smallmultiples_overlays,shadowmarkers,1,Performance,7
15,shadowmarks_smallmultiples_overlays,shadowmarkers,1,Effort,2
15,shadowmarks_smallmultiples_overlays,shadowmarkers,1,Frustration,3
15,shadowmarks_smallmultiples_overlays,shadowmarkers,1,Guessing,1
15,shadowmarks_smallmultiples_overlays,shadowmarkers,1,PerceivedAccuracy,6
15,shadowmarks_smallmultiples_overlays,shadowmarkers,1,TaskDifficulty,2
15,shadowmarks_smallmultiples_overlays,shadowmarkers,1,TechniqueDifficulty,1
16,overlays_smallmultiples_shadowmarks,smallmultiples,1,MentalDemand,7
16,overlays_smallmultiples_shadowmarks,smallmultiples,1,PhysicalDemand,6
16,overlays_smallmultiples_shadowmarks,smallmultiples,1,TemporalDemand,3
16,overlays_smallmultiples_shadowmarks,smallmultiples,1,Performance,3
16,overlays_smallmultiples_shadowmarks,smallmultiples,1,Effort,7
16,overlays_smallmultiples_shadowmarks,smallmultiples,1,Frustration,1
16,overlays_smallmultiples_shadowmarks,smallmultiples,1,Guessing,2
16,overlays_smallmultiples_shadowmarks,smallmultiples,1,PerceivedAccuracy,4
16,overlays_smallmultiples_shadowmarks,smallmultiples,1,TaskDifficulty,5
16,overlays_smallmultiples_shadowmarks,smallmultiples,1,TechniqueDifficulty,5
16,overlays_smallmultiples_shadowmarks,overlays,1,MentalDemand,7
16,overlays_smallmultiples_shadowmarks,overlays,1,PhysicalDemand,6
16,overlays_smallmultiples_shadowmarks,overlays,1,TemporalDemand,5
16,overlays_smallmultiples_shadowmarks,overlays,1,Performance,2
16,overlays_smallmultiples_shadowmarks,overlays,1,Effort,5
16,overlays_smallmultiples_shadowmarks,overlays,1,Frustration,1
16,overlays_smallmultiples_shadowmarks,overlays,1,Guessing,1
16,overlays_smallmultiples_shadowmarks,overlays,1,PerceivedAccuracy,5
16,overlays_smallmultiples_shadowmarks,overlays,1,TaskDifficulty,5
16,overlays_smallmultiples_shadowmarks,overlays,1,TechniqueDifficulty,4
16,overlays_smallmultiples_shadowmarks,shadowmarkers,1,MentalDemand,7
16,overlays_smallmultiples_shadowmarks,shadowmarkers,1,PhysicalDemand,7
16,overlays_smallmultiples_shadowmarks,shadowmarkers,1,TemporalDemand,2
16,overlays_smallmultiples_shadowmarks,shadowmarkers,1,Performance,4
16,overlays_smallmultiples_shadowmarks,shadowmarkers,1,Effort,6
16,overlays_smallmultiples_shadowmarks,shadowmarkers,1,Frustration,1
16,overlays_smallmultiples_shadowmarks,shadowmarkers,1,Guessing,4
16,overlays_smallmultiples_shadowmarks,shadowmarkers,1,PerceivedAccuracy,5
16,overlays_smallmultiples_shadowmarks,shadowmarkers,1,TaskDifficulty,4
16,overlays_smallmultiples_shadowmarks,shadowmarkers,1,TechniqueDifficulty,5
18,smallmultiples_overlays_shadowmarks,smallmultiples,1,MentalDemand,5
18,smallmultiples_overlays_shadowmarks,smallmultiples,1,PhysicalDemand,2
18,smallmultiples_overlays_shadowmarks,smallmultiples,1,TemporalDemand,6
18,smallmultiples_overlays_shadowmarks,smallmultiples,1,Performance,3
18,smallmultiples_overlays_shadowmarks,smallmultiples,1,Effort,5
18,smallmultiples_overlays_shadowmarks,smallmultiples,1,Frustration,7
18,smallmultiples_overlays_shadowmarks,smallmultiples,1,Guessing,6
18,smallmultiples_overlays_shadowmarks,smallmultiples,1,PerceivedAccuracy,3
18,smallmultiples_overlays_shadowmarks,smallmultiples,1,TaskDifficulty,6
18,smallmultiples_overlays_shadowmarks,smallmultiples,1,TechniqueDifficulty,2
18,smallmultiples_overlays_shadowmarks,overlays,1,MentalDemand,3
18,smallmultiples_overlays_shadowmarks,overlays,1,PhysicalDemand,2
18,smallmultiples_overlays_shadowmarks,overlays,1,TemporalDemand,5
18,smallmultiples_overlays_shadowmarks,overlays,1,Performance,1
18,smallmultiples_overlays_shadowmarks,overlays,1,Effort,2
18,smallmultiples_overlays_shadowmarks,overlays,1,Frustration,2
18,smallmultiples_overlays_shadowmarks,overlays,1,Guessing,1
18,smallmultiples_overlays_shadowmarks,overlays,1,PerceivedAccuracy,7
18,smallmultiples_overlays_shadowmarks,overlays,1,TaskDifficulty,2
18,smallmultiples_overlays_shadowmarks,overlays,1,TechniqueDifficulty,2
18,smallmultiples_overlays_shadowmarks,shadowmarkers,1,MentalDemand,5
18,smallmultiples_overlays_shadowmarks,shadowmarkers,1,PhysicalDemand,2
18,smallmultiples_overlays_shadowmarks,shadowmarkers,1,TemporalDemand,2
18,smallmultiples_overlays_shadowmarks,shadowmarkers,1,Performance,5
18,smallmultiples_overlays_shadowmarks,shadowmarkers,1,Effort,5
18,smallmultiples_overlays_shadowmarks,shadowmarkers,1,Frustration,5
18,smallmultiples_overlays_shadowmarks,shadowmarkers,1,Guessing,4
18,smallmultiples_overlays_shadowmarks,shadowmarkers,1,PerceivedAccuracy,5
18,smallmultiples_overlays_shadowmarks,shadowmarkers,1,TaskDifficulty,5
18,smallmultiples_overlays_shadowmarks,shadowmarkers,1,TechniqueDifficulty,2
19,smallmultiples_shadowmarks_overlays,smallmultiples,1,MentalDemand,6
19,smallmultiples_shadowmarks_overlays,smallmultiples,1,PhysicalDemand,3
19,smallmultiples_shadowmarks_overlays,smallmultiples,1,TemporalDemand,4
19,smallmultiples_shadowmarks_overlays,smallmultiples,1,Performance,3
19,smallmultiples_shadowmarks_overlays,smallmultiples,1,Effort,5
19,smallmultiples_shadowmarks_overlays,smallmultiples,1,Frustration,3
19,smallmultiples_shadowmarks_overlays,smallmultiples,1,Guessing,5
19,smallmultiples_shadowmarks_overlays,smallmultiples,1,PerceivedAccuracy,5
19,smallmultiples_shadowmarks_overlays,smallmultiples,1,TaskDifficulty,5
19,smallmultiples_shadowmarks_overlays,smallmultiples,1,TechniqueDifficulty,5
19,smallmultiples_shadowmarks_overlays,overlays,1,MentalDemand,5
19,smallmultiples_shadowmarks_overlays,overlays,1,PhysicalDemand,3
19,smallmultiples_shadowmarks_overlays,overlays,1,TemporalDemand,5
19,smallmultiples_shadowmarks_overlays,overlays,1,Performance,3
19,smallmultiples_shadowmarks_overlays,overlays,1,Effort,5
19,smallmultiples_shadowmarks_overlays,overlays,1,Frustration,3
19,smallmultiples_shadowmarks_overlays,overlays,1,Guessing,5
19,smallmultiples_shadowmarks_overlays,overlays,1,PerceivedAccuracy,4
19,smallmultiples_shadowmarks_overlays,overlays,1,TaskDifficulty,6
19,smallmultiples_shadowmarks_overlays,overlays,1,TechniqueDifficulty,5
19,smallmultiples_shadowmarks_overlays,shadowmarkers,1,MentalDemand,4
19,smallmultiples_shadowmarks_overlays,shadowmarkers,1,PhysicalDemand,3
19,smallmultiples_shadowmarks_overlays,shadowmarkers,1,TemporalDemand,4
19,smallmultiples_shadowmarks_overlays,shadowmarkers,1,Performance,3
19,smallmultiples_shadowmarks_overlays,shadowmarkers,1,Effort,3
19,smallmultiples_shadowmarks_overlays,shadowmarkers,1,Frustration,3
19,smallmultiples_shadowmarks_overlays,shadowmarkers,1,Guessing,3
19,smallmultiples_shadowmarks_overlays,shadowmarkers,1,PerceivedAccuracy,5
19,smallmultiples_shadowmarks_overlays,shadowmarkers,1,TaskDifficulty,4
19,smallmultiples_shadowmarks_overlays,shadowmarkers,1,TechniqueDifficulty,3
20,overlays_smallmultiples_shadowmarks,smallmultiples,1,MentalDemand,5
20,overlays_smallmultiples_shadowmarks,smallmultiples,1,PhysicalDemand,1
20,overlays_smallmultiples_shadowmarks,smallmultiples,1,TemporalDemand,1
20,overlays_smallmultiples_shadowmarks,smallmultiples,1,Performance,4
20,overlays_smallmultiples_shadowmarks,smallmultiples,1,Effort,4
20,overlays_smallmultiples_shadowmarks,smallmultiples,1,Frustration,6
20,overlays_smallmultiples_shadowmarks,smallmultiples,1,Guessing,6
20,overlays_smallmultiples_shadowmarks,smallmultiples,1,PerceivedAccuracy,4
20,overlays_smallmultiples_shadowmarks,smallmultiples,1,TaskDifficulty,5
20,overlays_smallmultiples_shadowmarks,smallmultiples,1,TechniqueDifficulty,2
20,overlays_smallmultiples_shadowmarks,overlays,1,MentalDemand,7
20,overlays_smallmultiples_shadowmarks,overlays,1,PhysicalDemand,1
20,overlays_smallmultiples_shadowmarks,overlays,1,TemporalDemand,1
20,overlays_smallmultiples_shadowmarks,overlays,1,Performance,5
20,overlays_smallmultiples_shadowmarks,overlays,1,Effort,7
20,overlays_smallmultiples_shadowmarks,overlays,1,Frustration,7
20,overlays_smallmultiples_shadowmarks,overlays,1,Guessing,4
20,overlays_smallmultiples_shadowmarks,overlays,1,PerceivedAccuracy,4
20,overlays_smallmultiples_shadowmarks,overlays,1,TaskDifficulty,6
20,overlays_smallmultiples_shadowmarks,overlays,1,TechniqueDifficulty,1
20,overlays_smallmultiples_shadowmarks,shadowmarkers,1,MentalDemand,1
20,overlays_smallmultiples_shadowmarks,shadowmarkers,1,PhysicalDemand,1
20,overlays_smallmultiples_shadowmarks,shadowmarkers,1,TemporalDemand,1
20,overlays_smallmultiples_shadowmarks,shadowmarkers,1,Performance,3
20,overlays_smallmultiples_shadowmarks,shadowmarkers,1,Effort,2
20,overlays_smallmultiples_shadowmarks,shadowmarkers,1,Frustration,6
20,overlays_smallmultiples_shadowmarks,shadowmarkers,1,Guessing,2
20,overlays_smallmultiples_shadowmarks,shadowmarkers,1,PerceivedAccuracy,4
20,overlays_smallmultiples_shadowmarks,shadowmarkers,1,TaskDifficulty,4
20,overlays_smallmultiples_shadowmarks,shadowmarkers,1,TechniqueDifficulty,2
21,overlays_shadowmarks_smallmultiples,smallmultiples,1,MentalDemand,5
21,overlays_shadowmarks_smallmultiples,smallmultiples,1,PhysicalDemand,3
21,overlays_shadowmarks_smallmultiples,smallmultiples,1,TemporalDemand,5
21,overlays_shadowmarks_smallmultiples,smallmultiples,1,Performance,3
21,overlays_shadowmarks_smallmultiples,smallmultiples,1,Effort,5
21,overlays_shadowmarks_smallmultiples,smallmultiples,1,Frustration,5
21,overlays_shadowmarks_smallmultiples,smallmultiples,1,Guessing,2
21,overlays_shadowmarks_smallmultiples,smallmultiples,1,PerceivedAccuracy,3
21,overlays_shadowmarks_smallmultiples,smallmultiples,1,TaskDifficulty,3
21,overlays_shadowmarks_smallmultiples,smallmultiples,1,TechniqueDifficulty,4
21,overlays_shadowmarks_smallmultiples,overlays,1,MentalDemand,6
21,overlays_shadowmarks_smallmultiples,overlays,1,PhysicalDemand,3
21,overlays_shadowmarks_smallmultiples,overlays,1,TemporalDemand,3
21,overlays_shadowmarks_smallmultiples,overlays,1,Performance,3
21,overlays_shadowmarks_smallmultiples,overlays,1,Effort,6
21,overlays_shadowmarks_smallmultiples,overlays,1,Frustration,3
21,overlays_shadowmarks_smallmultiples,overlays,1,Guessing,2
21,overlays_shadowmarks_smallmultiples,overlays,1,PerceivedAccuracy,5
21,overlays_shadowmarks_smallmultiples,overlays,1,TaskDifficulty,5
21,overlays_shadowmarks_smallmultiples,overlays,1,TechniqueDifficulty,5
21,overlays_shadowmarks_smallmultiples,shadowmarkers,1,MentalDemand,6
21,overlays_shadowmarks_smallmultiples,shadowmarkers,1,PhysicalDemand,3
21,overlays_shadowmarks_smallmultiples,shadowmarkers,1,TemporalDemand,3
21,overlays_shadowmarks_smallmultiples,shadowmarkers,1,Performance,5
21,overlays_shadowmarks_smallmultiples,shadowmarkers,1,Effort,3
21,overlays_shadowmarks_smallmultiples,shadowmarkers,1,Frustration,5
21,overlays_shadowmarks_smallmultiples,shadowmarkers,1,Guessing,5
21,overlays_shadowmarks_smallmultiples,shadowmarkers,1,PerceivedAccuracy,5
21,overlays_shadowmarks_smallmultiples,shadowmarkers,1,TaskDifficulty,5
21,overlays_shadowmarks_smallmultiples,shadowmarkers,1,TechniqueDifficulty,3
22,shadowmarks_smallmultiples_overlays,smallmultiples,1,MentalDemand,7
22,shadowmarks_smallmultiples_overlays,smallmultiples,1,PhysicalDemand,2
22,shadowmarks_smallmultiples_overlays,smallmultiples,1,TemporalDemand,5
22,shadowmarks_smallmultiples_overlays,smallmultiples,1,Performance,7
22,shadowmarks_smallmultiples_overlays,smallmultiples,1,Effort,6
22,shadowmarks_smallmultiples_overlays,smallmultiples,1,Frustration,7
22,shadowmarks_smallmultiples_overlays,smallmultiples,1,Guessing,6
22,shadowmarks_smallmultiples_overlays,smallmultiples,1,PerceivedAccuracy,5
22,shadowmarks_smallmultiples_overlays,smallmultiples,1,TaskDifficulty,7
22,shadowmarks_smallmultiples_overlays,smallmultiples,1,TechniqueDifficulty,3
22,shadowmarks_smallmultiples_overlays,overlays,1,MentalDemand,5
22,shadowmarks_smallmultiples_overlays,overlays,1,PhysicalDemand,2
22,shadowmarks_smallmultiples_overlays,overlays,1,TemporalDemand,5
22,shadowmarks_smallmultiples_overlays,overlays,1,Performance,6
22,shadowmarks_smallmultiples_overlays,overlays,1,Effort,6
22,shadowmarks_smallmultiples_overlays,overlays,1,Frustration,7
22,shadowmarks_smallmultiples_overlays,overlays,1,Guessing,7
22,shadowmarks_smallmultiples_overlays,overlays,1,PerceivedAccuracy,1
22,shadowmarks_smallmultiples_overlays,overlays,1,TaskDifficulty,7
22,shadowmarks_smallmultiples_overlays,overlays,1,TechniqueDifficulty,4
22,shadowmarks_smallmultiples_overlays,shadowmarkers,1,MentalDemand,5
22,shadowmarks_smallmultiples_overlays,shadowmarkers,1,PhysicalDemand,2
22,shadowmarks_smallmultiples_overlays,shadowmarkers,1,TemporalDemand,5
22,shadowmarks_smallmultiples_overlays,shadowmarkers,1,Performance,5
22,shadowmarks_smallmultiples_overlays,shadowmarkers,1,Effort,6
22,shadowmarks_smallmultiples_overlays,shadowmarkers,1,Frustration,3
22,shadowmarks_smallmultiples_overlays,shadowmarkers,1,Guessing,5
22,shadowmarks_smallmultiples_overlays,shadowmarkers,1,PerceivedAccuracy,5
22,shadowmarks_smallmultiples_overlays,shadowmarkers,1,TaskDifficulty,5
22,shadowmarks_smallmultiples_overlays,shadowmarkers,1,TechniqueDifficulty,5
24,shadowmarks_overlays_smallmultiples,smallmultiples,1,MentalDemand,5
24,shadowmarks_overlays_smallmultiples,smallmultiples,1,PhysicalDemand,4
24,shadowmarks_overlays_smallmultiples,smallmultiples,1,TemporalDemand,7
24,shadowmarks_overlays_smallmultiples,smallmultiples,1,Performance,4
24,shadowmarks_overlays_smallmultiples,smallmultiples,1,Effort,6
24,shadowmarks_overlays_smallmultiples,smallmultiples,1,Frustration,7
24,shadowmarks_overlays_smallmultiples,smallmultiples,1,Guessing,5
24,shadowmarks_overlays_smallmultiples,smallmultiples,1,PerceivedAccuracy,3
24,shadowmarks_overlays_smallmultiples,smallmultiples,1,TaskDifficulty,6
24,shadowmarks_overlays_smallmultiples,smallmultiples,1,TechniqueDifficulty,7
24,shadowmarks_overlays_smallmultiples,overlays,1,MentalDemand,5
24,shadowmarks_overlays_smallmultiples,overlays,1,PhysicalDemand,2
24,shadowmarks_overlays_smallmultiples,overlays,1,TemporalDemand,7
24,shadowmarks_overlays_smallmultiples,overlays,1,Performance,2
24,shadowmarks_overlays_smallmultiples,overlays,1,Effort,7
24,shadowmarks_overlays_smallmultiples,overlays,1,Frustration,7
24,shadowmarks_overlays_smallmultiples,overlays,1,Guessing,1
24,shadowmarks_overlays_smallmultiples,overlays,1,PerceivedAccuracy,6
24,shadowmarks_overlays_smallmultiples,overlays,1,TaskDifficulty,3
24,shadowmarks_overlays_smallmultiples,overlays,1,TechniqueDifficulty,3
24,shadowmarks_overlays_smallmultiples,shadowmarkers,1,MentalDemand,5
24,shadowmarks_overlays_smallmultiples,shadowmarkers,1,PhysicalDemand,1
24,shadowmarks_overlays_smallmultiples,shadowmarkers,1,TemporalDemand,5
24,shadowmarks_overlays_smallmultiples,shadowmarkers,1,Performance,3
24,shadowmarks_overlays_smallmultiples,shadowmarkers,1,Effort,5
24,shadowmarks_overlays_smallmultiples,shadowmarkers,1,Frustration,6
24,shadowmarks_overlays_smallmultiples,shadowmarkers,1,Guessing,2
24,shadowmarks_overlays_smallmultiples,shadowmarkers,1,PerceivedAccuracy,5
24,shadowmarks_overlays_smallmultiples,shadowmarkers,1,TaskDifficulty,4
24,shadowmarks_overlays_smallmultiples,shadowmarkers,1,TechniqueDifficulty,5
25,smallmultiples_shadowmarks_overlays,smallmultiples,1,MentalDemand,6
25,smallmultiples_shadowmarks_overlays,smallmultiples,1,PhysicalDemand,3
25,smallmultiples_shadowmarks_overlays,smallmultiples,1,TemporalDemand,5
25,smallmultiples_shadowmarks_overlays,smallmultiples,1,Performance,3
25,smallmultiples_shadowmarks_overlays,smallmultiples,1,Effort,5
25,smallmultiples_shadowmarks_overlays,smallmultiples,1,Frustration,5
25,smallmultiples_shadowmarks_overlays,smallmultiples,1,Guessing,3
25,smallmultiples_shadowmarks_overlays,smallmultiples,1,PerceivedAccuracy,5
25,smallmultiples_shadowmarks_overlays,smallmultiples,1,TaskDifficulty,5
25,smallmultiples_shadowmarks_overlays,smallmultiples,1,TechniqueDifficulty,5
25,smallmultiples_shadowmarks_overlays,overlays,1,MentalDemand,6
25,smallmultiples_shadowmarks_overlays,overlays,1,PhysicalDemand,5
25,smallmultiples_shadowmarks_overlays,overlays,1,TemporalDemand,6
25,smallmultiples_shadowmarks_overlays,overlays,1,Performance,3
25,smallmultiples_shadowmarks_overlays,overlays,1,Effort,6
25,smallmultiples_shadowmarks_overlays,overlays,1,Frustration,6
25,smallmultiples_shadowmarks_overlays,overlays,1,Guessing,6
25,smallmultiples_shadowmarks_overlays,overlays,1,PerceivedAccuracy,3
25,smallmultiples_shadowmarks_overlays,overlays,1,TaskDifficulty,6
25,smallmultiples_shadowmarks_overlays,overlays,1,TechniqueDifficulty,6
25,smallmultiples_shadowmarks_overlays,shadowmarkers,1,MentalDemand,5
25,smallmultiples_shadowmarks_overlays,shadowmarkers,1,PhysicalDemand,3
25,smallmultiples_shadowmarks_overlays,shadowmarkers,1,TemporalDemand,5
25,smallmultiples_shadowmarks_overlays,shadowmarkers,1,Performance,6
25,smallmultiples_shadowmarks_overlays,shadowmarkers,1,Effort,5
25,smallmultiples_shadowmarks_overlays,shadowmarkers,1,Frustration,3
25,smallmultiples_shadowmarks_overlays,shadowmarkers,1,Guessing,3
25,smallmultiples_shadowmarks_overlays,shadowmarkers,1,PerceivedAccuracy,6
25,smallmultiples_shadowmarks_overlays,shadowmarkers,1,TaskDifficulty,5
25,smallmultiples_shadowmarks_overlays,shadowmarkers,1,TechniqueDifficulty,3
26,smallmultiples_shadowmarks_overlays,smallmultiples,1,MentalDemand,5
26,smallmultiples_shadowmarks_overlays,smallmultiples,1,PhysicalDemand,2
26,smallmultiples_shadowmarks_overlays,smallmultiples,1,TemporalDemand,5
26,smallmultiples_shadowmarks_overlays,smallmultiples,1,Performance,6
26,smallmultiples_shadowmarks_overlays,smallmultiples,1,Effort,5
26,smallmultiples_shadowmarks_overlays,smallmultiples,1,Frustration,6
26,smallmultiples_shadowmarks_overlays,smallmultiples,1,Guessing,3
26,smallmultiples_shadowmarks_overlays,smallmultiples,1,PerceivedAccuracy,2
26,smallmultiples_shadowmarks_overlays,smallmultiples,1,TaskDifficulty,6
26,smallmultiples_shadowmarks_overlays,smallmultiples,1,TechniqueDifficulty,6
26,smallmultiples_shadowmarks_overlays,overlays,1,MentalDemand,5
26,smallmultiples_shadowmarks_overlays,overlays,1,PhysicalDemand,2
26,smallmultiples_shadowmarks_overlays,overlays,1,TemporalDemand,4
26,smallmultiples_shadowmarks_overlays,overlays,1,Performance,4
26,smallmultiples_shadowmarks_overlays,overlays,1,Effort,5
26,smallmultiples_shadowmarks_overlays,overlays,1,Frustration,6
26,smallmultiples_shadowmarks_overlays,overlays,1,Guessing,5
26,smallmultiples_shadowmarks_overlays,overlays,1,PerceivedAccuracy,3
26,smallmultiples_shadowmarks_overlays,overlays,1,TaskDifficulty,6
26,smallmultiples_shadowmarks_overlays,overlays,1,TechniqueDifficulty,2
26,smallmultiples_shadowmarks_overlays,shadowmarkers,1,MentalDemand,4
26,smallmultiples_shadowmarks_overlays,shadowmarkers,1,PhysicalDemand,4
26,smallmultiples_shadowmarks_overlays,shadowmarkers,1,TemporalDemand,5
26,smallmultiples_shadowmarks_overlays,shadowmarkers,1,Performance,3
26,smallmultiples_shadowmarks_overlays,shadowmarkers,1,Effort,4
26,smallmultiples_shadowmarks_overlays,shadowmarkers,1,Frustration,5
26,smallmultiples_shadowmarks_overlays,shadowmarkers,1,Guessing,4
26,smallmultiples_shadowmarks_overlays,shadowmarkers,1,PerceivedAccuracy,5
26,smallmultiples_shadowmarks_overlays,shadowmarkers,1,TaskDifficulty,3
26,smallmultiples_shadowmarks_overlays,shadowmarkers,1,TechniqueDifficulty,3
27,shadowmarks_overlays_smallmultiples,smallmultiples,1,MentalDemand,6
27,shadowmarks_overlays_smallmultiples,smallmultiples,1,PhysicalDemand,1
27,shadowmarks_overlays_smallmultiples,smallmultiples,1,TemporalDemand,4
27,shadowmarks_overlays_smallmultiples,smallmultiples,1,Performance,4
27,shadowmarks_overlays_smallmultiples,smallmultiples,1,Effort,6
27,shadowmarks_overlays_smallmultiples,smallmultiples,1,Frustration,3
27,shadowmarks_overlays_smallmultiples,smallmultiples,1,Guessing,6
27,shadowmarks_overlays_smallmultiples,smallmultiples,1,PerceivedAccuracy,5
27,shadowmarks_overlays_smallmultiples,smallmultiples,1,TaskDifficulty,5
27,shadowmarks_overlays_smallmultiples,smallmultiples,1,TechniqueDifficulty,2
27,shadowmarks_overlays_smallmultiples,overlays,1,MentalDemand,6
27,shadowmarks_overlays_smallmultiples,overlays,1,PhysicalDemand,1
27,shadowmarks_overlays_smallmultiples,overlays,1,TemporalDemand,5
27,shadowmarks_overlays_smallmultiples,overlays,1,Performance,3
27,shadowmarks_overlays_smallmultiples,overlays,1,Effort,6
27,shadowmarks_overlays_smallmultiples,overlays,1,Frustration,4
27,shadowmarks_overlays_smallmultiples,overlays,1,Guessing,4
27,shadowmarks_overlays_smallmultiples,overlays,1,PerceivedAccuracy,4
27,shadowmarks_overlays_smallmultiples,overlays,1,TaskDifficulty,6
27,shadowmarks_overlays_smallmultiples,overlays,1,TechniqueDifficulty,3
27,shadowmarks_overlays_smallmultiples,shadowmarkers,1,MentalDemand,6
27,shadowmarks_overlays_smallmultiples,shadowmarkers,1,PhysicalDemand,1
27,shadowmarks_overlays_smallmultiples,shadowmarkers,1,TemporalDemand,5
27,shadowmarks_overlays_smallmultiples,shadowmarkers,1,Performance,3
27,shadowmarks_overlays_smallmultiples,shadowmarkers,1,Effort,5
27,shadowmarks_overlays_smallmultiples,shadowmarkers,1,Frustration,3
27,shadowmarks_overlays_smallmultiples,shadowmarkers,1,Guessing,3
27,shadowmarks_overlays_smallmultiples,shadowmarkers,1,PerceivedAccuracy,5
27,shadowmarks_overlays_smallmultiples,shadowmarkers,1,TaskDifficulty,6
27,shadowmarks_overlays_smallmultiples,shadowmarkers,1,TechniqueDifficulty,5
28,smallmultiples_overlays_shadowmarks,smallmultiples,1,MentalDemand,6
28,smallmultiples_overlays_shadowmarks,smallmultiples,1,PhysicalDemand,2
28,smallmultiples_overlays_shadowmarks,smallmultiples,1,TemporalDemand,6
28,smallmultiples_overlays_shadowmarks,smallmultiples,1,Performance,7
28,smallmultiples_overlays_shadowmarks,smallmultiples,1,Effort,6
28,smallmultiples_overlays_shadowmarks,smallmultiples,1,Frustration,7
28,smallmultiples_overlays_shadowmarks,smallmultiples,1,Guessing,2
28,smallmultiples_overlays_shadowmarks,smallmultiples,1,PerceivedAccuracy,1
28,smallmultiples_overlays_shadowmarks,smallmultiples,1,TaskDifficulty,7
28,smallmultiples_overlays_shadowmarks,smallmultiples,1,TechniqueDifficulty,2
28,smallmultiples_overlays_shadowmarks,overlays,1,MentalDemand,6
28,smallmultiples_overlays_shadowmarks,overlays,1,PhysicalDemand,2
28,smallmultiples_overlays_shadowmarks,overlays,1,TemporalDemand,7
28,smallmultiples_overlays_shadowmarks,overlays,1,Performance,5
28,smallmultiples_overlays_shadowmarks,overlays,1,Effort,6
28,smallmultiples_overlays_shadowmarks,overlays,1,Frustration,7
28,smallmultiples_overlays_shadowmarks,overlays,1,Guessing,7
28,smallmultiples_overlays_shadowmarks,overlays,1,PerceivedAccuracy,2
28,smallmultiples_overlays_shadowmarks,overlays,1,TaskDifficulty,5
28,smallmultiples_overlays_shadowmarks,overlays,1,TechniqueDifficulty,3
28,smallmultiples_overlays_shadowmarks,shadowmarkers,1,MentalDemand,3
28,smallmultiples_overlays_shadowmarks,shadowmarkers,1,PhysicalDemand,5
28,smallmultiples_overlays_shadowmarks,shadowmarkers,1,TemporalDemand,7
28,smallmultiples_overlays_shadowmarks,shadowmarkers,1,Performance,2
28,smallmultiples_overlays_shadowmarks,shadowmarkers,1,Effort,6
28,smallmultiples_overlays_shadowmarks,shadowmarkers,1,Frustration,7
28,smallmultiples_overlays_shadowmarks,shadowmarkers,1,Guessing,1
28,smallmultiples_overlays_shadowmarks,shadowmarkers,1,PerceivedAccuracy,6
28,smallmultiples_overlays_shadowmarks,shadowmarkers,1,TaskDifficulty,3
28,smallmultiples_overlays_shadowmarks,shadowmarkers,1,TechniqueDifficulty,7
31,overlays_shadowmarks_smallmultiples,smallmultiples,1,MentalDemand,7
31,overlays_shadowmarks_smallmultiples,smallmultiples,1,PhysicalDemand,7
31,overlays_shadowmarks_smallmultiples,smallmultiples,1,TemporalDemand,2
31,overlays_shadowmarks_smallmultiples,smallmultiples,1,Performance,6
31,overlays_shadowmarks_smallmultiples,smallmultiples,1,Effort,7
31,overlays_shadowmarks_smallmultiples,smallmultiples,1,Frustration,6
31,overlays_shadowmarks_smallmultiples,smallmultiples,1,Guessing,7
31,overlays_shadowmarks_smallmultiples,smallmultiples,1,PerceivedAccuracy,2
31,overlays_shadowmarks_smallmultiples,smallmultiples,1,TaskDifficulty,6
31,overlays_shadowmarks_smallmultiples,smallmultiples,1,TechniqueDifficulty,6
31,overlays_shadowmarks_smallmultiples,overlays,1,MentalDemand,7
31,overlays_shadowmarks_smallmultiples,overlays,1,PhysicalDemand,3
31,overlays_shadowmarks_smallmultiples,overlays,1,TemporalDemand,3
31,overlays_shadowmarks_smallmultiples,overlays,1,Performance,6
31,overlays_shadowmarks_smallmultiples,overlays,1,Effort,6
31,overlays_shadowmarks_smallmultiples,overlays,1,Frustration,6
31,overlays_shadowmarks_smallmultiples,overlays,1,Guessing,5
31,overlays_shadowmarks_smallmultiples,overlays,1,PerceivedAccuracy,4
31,overlays_shadowmarks_smallmultiples,overlays,1,TaskDifficulty,4
31,overlays_shadowmarks_smallmultiples,overlays,1,TechniqueDifficulty,7
31,overlays_shadowmarks_smallmultiples,shadowmarkers,1,MentalDemand,3
31,overlays_shadowmarks_smallmultiples,shadowmarkers,1,PhysicalDemand,2
31,overlays_shadowmarks_smallmultiples,shadowmarkers,1,TemporalDemand,2
31,overlays_shadowmarks_smallmultiples,shadowmarkers,1,Performance,2
31,overlays_shadowmarks_smallmultiples,shadowmarkers,1,Effort,2
31,overlays_shadowmarks_smallmultiples,shadowmarkers,1,Frustration,2
31,overlays_shadowmarks_smallmultiples,shadowmarkers,1,Guessing,2
31,overlays_shadowmarks_smallmultiples,shadowmarkers,1,PerceivedAccuracy,7
31,overlays_shadowmarks_smallmultiples,shadowmarkers,1,TaskDifficulty,2
31,overlays_shadowmarks_smallmultiples,shadowmarkers,1,TechniqueDifficulty,2
35,overlays_shadowmarks_smallmultiples,smallmultiples,1,MentalDemand,5
35,overlays_shadowmarks_smallmultiples,smallmultiples,1,PhysicalDemand,2
35,overlays_shadowmarks_smallmultiples,smallmultiples,1,TemporalDemand,5
35,overlays_shadowmarks_smallmultiples,smallmultiples,1,Performance,5
35,overlays_shadowmarks_smallmultiples,smallmultiples,1,Effort,5
35,overlays_shadowmarks_smallmultiples,smallmultiples,1,Frustration,5
35,overlays_shadowmarks_smallmultiples,smallmultiples,1,Guessing,5
35,overlays_shadowmarks_smallmultiples,smallmultiples,1,PerceivedAccuracy,3
35,overlays_shadowmarks_smallmultiples,smallmultiples,1,TaskDifficulty,5
35,overlays_shadowmarks_smallmultiples,smallmultiples,1,TechniqueDifficulty,3
35,overlays_shadowmarks_smallmultiples,overlays,1,MentalDemand,5
35,overlays_shadowmarks_smallmultiples,overlays,1,PhysicalDemand,2
35,overlays_shadowmarks_smallmultiples,overlays,1,TemporalDemand,3
35,overlays_shadowmarks_smallmultiples,overlays,1,Performance,6
35,overlays_shadowmarks_smallmultiples,overlays,1,Effort,5
35,overlays_shadowmarks_smallmultiples,overlays,1,Frustration,5
35,overlays_shadowmarks_smallmultiples,overlays,1,Guessing,4
35,overlays_shadowmarks_smallmultiples,overlays,1,PerceivedAccuracy,2
35,overlays_shadowmarks_smallmultiples,overlays,1,TaskDifficulty,5
35,overlays_shadowmarks_smallmultiples,overlays,1,TechniqueDifficulty,5
35,overlays_shadowmarks_smallmultiples,shadowmarkers,1,MentalDemand,2
35,overlays_shadowmarks_smallmultiples,shadowmarkers,1,PhysicalDemand,1
35,overlays_shadowmarks_smallmultiples,shadowmarkers,1,TemporalDemand,5
35,overlays_shadowmarks_smallmultiples,shadowmarkers,1,Performance,2
35,overlays_shadowmarks_smallmultiples,shadowmarkers,1,Effort,3
35,overlays_shadowmarks_smallmultiples,shadowmarkers,1,Frustration,3
35,overlays_shadowmarks_smallmultiples,shadowmarkers,1,Guessing,2
35,overlays_shadowmarks_smallmultiples,shadowmarkers,1,PerceivedAccuracy,5
35,overlays_shadowmarks_smallmultiples,shadowmarkers,1,TaskDifficulty,3
35,overlays_shadowmarks_smallmultiples,shadowmarkers,1,TechniqueDifficulty,2
36,smallmultiples_overlays_shadowmarks,smallmultiples,1,MentalDemand,7
36,smallmultiples_overlays_shadowmarks,smallmultiples,1,PhysicalDemand,4
36,smallmultiples_overlays_shadowmarks,smallmultiples,1,TemporalDemand,4
36,smallmultiples_overlays_shadowmarks,smallmultiples,1,Performance,7
36,smallmultiples_overlays_shadowmarks,smallmultiples,1,Effort,7
36,smallmultiples_overlays_shadowmarks,smallmultiples,1,Frustration,7
36,smallmultiples_overlays_shadowmarks,smallmultiples,1,Guessing,5
36,smallmultiples_overlays_shadowmarks,smallmultiples,1,PerceivedAccuracy,1
36,smallmultiples_overlays_shadowmarks,smallmultiples,1,TaskDifficulty,7
36,smallmultiples_overlays_shadowmarks,smallmultiples,1,TechniqueDifficulty,5
36,smallmultiples_overlays_shadowmarks,overlays,1,MentalDemand,5
36,smallmultiples_overlays_shadowmarks,overlays,1,PhysicalDemand,4
36,smallmultiples_overlays_shadowmarks,overlays,1,TemporalDemand,4
36,smallmultiples_overlays_shadowmarks,overlays,1,Performance,4
36,smallmultiples_overlays_shadowmarks,overlays,1,Effort,5
36,smallmultiples_overlays_shadowmarks,overlays,1,Frustration,5
36,smallmultiples_overlays_shadowmarks,overlays,1,Guessing,3
36,smallmultiples_overlays_shadowmarks,overlays,1,PerceivedAccuracy,5
36,smallmultiples_overlays_shadowmarks,overlays,1,TaskDifficulty,5
36,smallmultiples_overlays_shadowmarks,overlays,1,TechniqueDifficulty,4
36,smallmultiples_overlays_shadowmarks,shadowmarkers,1,MentalDemand,5
36,smallmultiples_overlays_shadowmarks,shadowmarkers,1,PhysicalDemand,4
36,smallmultiples_overlays_shadowmarks,shadowmarkers,1,TemporalDemand,5
36,smallmultiples_overlays_shadowmarks,shadowmarkers,1,Performance,4
36,smallmultiples_overlays_shadowmarks,shadowmarkers,1,Effort,3
36,smallmultiples_overlays_shadowmarks,shadowmarkers,1,Frustration,4
36,smallmultiples_overlays_shadowmarks,shadowmarkers,1,Guessing,5
36,smallmultiples_overlays_shadowmarks,shadowmarkers,1,PerceivedAccuracy,4
36,smallmultiples_overlays_shadowmarks,shadowmarkers,1,TaskDifficulty,5
36,smallmultiples_overlays_shadowmarks,shadowmarkers,1,TechniqueDifficulty,1
39,smallmultiples_overlays_shadowmarks,smallmultiples,1,MentalDemand,5
39,smallmultiples_overlays_shadowmarks,smallmultiples,1,PhysicalDemand,5
39,smallmultiples_overlays_shadowmarks,smallmultiples,1,TemporalDemand,5
39,smallmultiples_overlays_shadowmarks,smallmultiples,1,Performance,5
39,smallmultiples_overlays_shadowmarks,smallmultiples,1,Effort,5
39,smallmultiples_overlays_shadowmarks,smallmultiples,1,Frustration,6
39,smallmultiples_overlays_shadowmarks,smallmultiples,1,Guessing,3
39,smallmultiples_overlays_shadowmarks,smallmultiples,1,PerceivedAccuracy,5
39,smallmultiples_overlays_shadowmarks,smallmultiples,1,TaskDifficulty,5
39,smallmultiples_overlays_shadowmarks,smallmultiples,1,TechniqueDifficulty,3
39,smallmultiples_overlays_shadowmarks,overlays,1,MentalDemand,5
39,smallmultiples_overlays_shadowmarks,overlays,1,PhysicalDemand,3
39,smallmultiples_overlays_shadowmarks,overlays,1,TemporalDemand,5
39,smallmultiples_overlays_shadowmarks,overlays,1,Performance,5
39,smallmultiples_overlays_shadowmarks,overlays,1,Effort,5
39,smallmultiples_overlays_shadowmarks,overlays,1,Frustration,5
39,smallmultiples_overlays_shadowmarks,overlays,1,Guessing,5
39,smallmultiples_overlays_shadowmarks,overlays,1,PerceivedAccuracy,5
39,smallmultiples_overlays_shadowmarks,overlays,1,TaskDifficulty,5
39,smallmultiples_overlays_shadowmarks,overlays,1,TechniqueDifficulty,5
39,smallmultiples_overlays_shadowmarks,shadowmarkers,1,MentalDemand,5
39,smallmultiples_overlays_shadowmarks,shadowmarkers,1,PhysicalDemand,3
39,smallmultiples_overlays_shadowmarks,shadowmarkers,1,TemporalDemand,5
39,smallmultiples_overlays_shadowmarks,shadowmarkers,1,Performance,3
39,smallmultiples_overlays_shadowmarks,shadowmarkers,1,Effort,5
39,smallmultiples_overlays_shadowmarks,shadowmarkers,1,Frustration,5
39,smallmultiples_overlays_shadowmarks,shadowmarkers,1,Guessing,3
39,smallmultiples_overlays_shadowmarks,shadowmarkers,1,PerceivedAccuracy,5
39,smallmultiples_overlays_shadowmarks,shadowmarkers,1,TaskDifficulty,3
39,smallmultiples_overlays_shadowmarks,shadowmarkers,1,TechniqueDifficulty,3
40,smallmultiples_shadowmarks_overlays,smallmultiples,1,MentalDemand,2
40,smallmultiples_shadowmarks_overlays,smallmultiples,1,PhysicalDemand,1
40,smallmultiples_shadowmarks_overlays,smallmultiples,1,TemporalDemand,1
40,smallmultiples_shadowmarks_overlays,smallmultiples,1,Performance,3
40,smallmultiples_shadowmarks_overlays,smallmultiples,1,Effort,6
40,smallmultiples_shadowmarks_overlays,smallmultiples,1,Frustration,4
40,smallmultiples_shadowmarks_overlays,smallmultiples,1,Guessing,3
40,smallmultiples_shadowmarks_overlays,smallmultiples,1,PerceivedAccuracy,5
40,smallmultiples_shadowmarks_overlays,smallmultiples,1,TaskDifficulty,3
40,smallmultiples_shadowmarks_overlays,smallmultiples,1,TechniqueDifficulty,2
40,smallmultiples_shadowmarks_overlays,overlays,1,MentalDemand,2
40,smallmultiples_shadowmarks_overlays,overlays,1,PhysicalDemand,2
40,smallmultiples_shadowmarks_overlays,overlays,1,TemporalDemand,5
40,smallmultiples_shadowmarks_overlays,overlays,1,Performance,5
40,smallmultiples_shadowmarks_overlays,overlays,1,Effort,5
40,smallmultiples_shadowmarks_overlays,overlays,1,Frustration,5
40,smallmultiples_shadowmarks_overlays,overlays,1,Guessing,5
40,smallmultiples_shadowmarks_overlays,overlays,1,PerceivedAccuracy,5
40,smallmultiples_shadowmarks_overlays,overlays,1,TaskDifficulty,5
40,smallmultiples_shadowmarks_overlays,overlays,1,TechniqueDifficulty,5
40,smallmultiples_shadowmarks_overlays,shadowmarkers,1,MentalDemand,1
40,smallmultiples_shadowmarks_overlays,shadowmarkers,1,PhysicalDemand,1
40,smallmultiples_shadowmarks_overlays,shadowmarkers,1,TemporalDemand,5
40,smallmultiples_shadowmarks_overlays,shadowmarkers,1,Performance,4
40,smallmultiples_shadowmarks_overlays,shadowmarkers,1,Effort,5
40,smallmultiples_shadowmarks_overlays,shadowmarkers,1,Frustration,5
40,smallmultiples_shadowmarks_overlays,shadowmarkers,1,Guessing,3
40,smallmultiples_shadowmarks_overlays,shadowmarkers,1,PerceivedAccuracy,5
40,smallmultiples_shadowmarks_overlays,shadowmarkers,1,TaskDifficulty,3
40,smallmultiples_shadowmarks_overlays,shadowmarkers,1,TechniqueDifficulty,2
45,overlays_smallmultiples_shadowmarks,smallmultiples,1,MentalDemand,5
45,overlays_smallmultiples_shadowmarks,smallmultiples,1,PhysicalDemand,6
45,overlays_smallmultiples_shadowmarks,smallmultiples,1,TemporalDemand,3
45,overlays_smallmultiples_shadowmarks,smallmultiples,1,Performance,3
45,overlays_smallmultiples_shadowmarks,smallmultiples,1,Effort,5
45,overlays_smallmultiples_shadowmarks,smallmultiples,1,Frustration,2
45,overlays_smallmultiples_shadowmarks,smallmultiples,1,Guessing,2
45,overlays_smallmultiples_shadowmarks,smallmultiples,1,PerceivedAccuracy,5
45,overlays_smallmultiples_shadowmarks,smallmultiples,1,TaskDifficulty,5
45,overlays_smallmultiples_shadowmarks,smallmultiples,1,TechniqueDifficulty,3
45,overlays_smallmultiples_shadowmarks,overlays,1,MentalDemand,5
45,overlays_smallmultiples_shadowmarks,overlays,1,PhysicalDemand,6
45,overlays_smallmultiples_shadowmarks,overlays,1,TemporalDemand,3
45,overlays_smallmultiples_shadowmarks,overlays,1,Performance,2
45,overlays_smallmultiples_shadowmarks,overlays,1,Effort,5
45,overlays_smallmultiples_shadowmarks,overlays,1,Frustration,2
45,overlays_smallmultiples_shadowmarks,overlays,1,Guessing,2
45,overlays_smallmultiples_shadowmarks,overlays,1,PerceivedAccuracy,6
45,overlays_smallmultiples_shadowmarks,overlays,1,TaskDifficulty,5
45,overlays_smallmultiples_shadowmarks,overlays,1,TechniqueDifficulty,5
45,overlays_smallmultiples_shadowmarks,shadowmarkers,1,MentalDemand,5
45,overlays_smallmultiples_shadowmarks,shadowmarkers,1,PhysicalDemand,5
45,overlays_smallmultiples_shadowmarks,shadowmarkers,1,TemporalDemand,5
45,overlays_smallmultiples_shadowmarks,shadowmarkers,1,Performance,2
45,overlays_smallmultiples_shadowmarks,shadowmarkers,1,Effort,5
45,overlays_smallmultiples_shadowmarks,shadowmarkers,1,Frustration,3
45,overlays_smallmultiples_shadowmarks,shadowmarkers,1,Guessing,3
45,overlays_smallmultiples_shadowmarks,shadowmarkers,1,PerceivedAccuracy,5
45,overlays_smallmultiples_shadowmarks,shadowmarkers,1,TaskDifficulty,5
45,overlays_smallmultiples_shadowmarks,shadowmarkers,1,TechniqueDifficulty,3
47,overlays_shadowmarks_smallmultiples,smallmultiples,1,MentalDemand,6
47,overlays_shadowmarks_smallmultiples,smallmultiples,1,PhysicalDemand,3
47,overlays_shadowmarks_smallmultiples,smallmultiples,1,TemporalDemand,5
47,overlays_shadowmarks_smallmultiples,smallmultiples,1,Performance,6
47,overlays_shadowmarks_smallmultiples,smallmultiples,1,Effort,6
47,overlays_shadowmarks_smallmultiples,smallmultiples,1,Frustration,6
47,overlays_shadowmarks_smallmultiples,smallmultiples,1,Guessing,6
47,overlays_shadowmarks_smallmultiples,smallmultiples,1,PerceivedAccuracy,3
47,overlays_shadowmarks_smallmultiples,smallmultiples,1,TaskDifficulty,6
47,overlays_shadowmarks_smallmultiples,smallmultiples,1,TechniqueDifficulty,5
47,overlays_shadowmarks_smallmultiples,overlays,1,MentalDemand,6
47,overlays_shadowmarks_smallmultiples,overlays,1,PhysicalDemand,3
47,overlays_shadowmarks_smallmultiples,overlays,1,TemporalDemand,5
47,overlays_shadowmarks_smallmultiples,overlays,1,Performance,3
47,overlays_shadowmarks_smallmultiples,overlays,1,Effort,6
47,overlays_shadowmarks_smallmultiples,overlays,1,Frustration,5
47,overlays_shadowmarks_smallmultiples,overlays,1,Guessing,3
47,overlays_shadowmarks_smallmultiples,overlays,1,PerceivedAccuracy,5
47,overlays_shadowmarks_smallmultiples,overlays,1,TaskDifficulty,6
47,overlays_shadowmarks_smallmultiples,overlays,1,TechniqueDifficulty,5
47,overlays_shadowmarks_smallmultiples,shadowmarkers,1,MentalDemand,5
47,overlays_shadowmarks_smallmultiples,shadowmarkers,1,PhysicalDemand,3
47,overlays_shadowmarks_smallmultiples,shadowmarkers,1,TemporalDemand,5
47,overlays_shadowmarks_smallmultiples,shadowmarkers,1,Performance,5
47,overlays_shadowmarks_smallmultiples,shadowmarkers,1,Effort,5
47,overlays_shadowmarks_smallmultiples,shadowmarkers,1,Frustration,6
47,overlays_shadowmarks_smallmultiples,shadowmarkers,1,Guessing,5
47,overlays_shadowmarks_smallmultiples,shadowmarkers,1,PerceivedAccuracy,5
47,overlays_shadowmarks_smallmultiples,shadowmarkers,1,TaskDifficulty,6
47,overlays_shadowmarks_smallmultiples,shadowmarkers,1,TechniqueDifficulty,5
52,overlays_shadowmarks_smallmultiples,smallmultiples,1,MentalDemand,6
52,overlays_shadowmarks_smallmultiples,smallmultiples,1,PhysicalDemand,6
52,overlays_shadowmarks_smallmultiples,smallmultiples,1,TemporalDemand,4
52,overlays_shadowmarks_smallmultiples,smallmultiples,1,Performance,4
52,overlays_shadowmarks_smallmultiples,smallmultiples,1,Effort,7
52,overlays_shadowmarks_smallmultiples,smallmultiples,1,Frustration,5
52,overlays_shadowmarks_smallmultiples,smallmultiples,1,Guessing,6
52,overlays_shadowmarks_smallmultiples,smallmultiples,1,PerceivedAccuracy,2
52,overlays_shadowmarks_smallmultiples,smallmultiples,1,TaskDifficulty,7
52,overlays_shadowmarks_smallmultiples,smallmultiples,1,TechniqueDifficulty,4
52,overlays_shadowmarks_smallmultiples,overlays,1,MentalDemand,6
52,overlays_shadowmarks_smallmultiples,overlays,1,PhysicalDemand,4
52,overlays_shadowmarks_smallmultiples,overlays,1,TemporalDemand,3
52,overlays_shadowmarks_smallmultiples,overlays,1,Performance,2
52,overlays_shadowmarks_smallmultiples,overlays,1,Effort,6
52,overlays_shadowmarks_smallmultiples,overlays,1,Frustration,2
52,overlays_shadowmarks_smallmultiples,overlays,1,Guessing,3
52,overlays_shadowmarks_smallmultiples,overlays,1,PerceivedAccuracy,5
52,overlays_shadowmarks_smallmultiples,overlays,1,TaskDifficulty,5
52,overlays_shadowmarks_smallmultiples,overlays,1,TechniqueDifficulty,4
52,overlays_shadowmarks_smallmultiples,shadowmarkers,1,MentalDemand,6
52,overlays_shadowmarks_smallmultiples,shadowmarkers,1,PhysicalDemand,3
52,overlays_shadowmarks_smallmultiples,shadowmarkers,1,TemporalDemand,4
52,overlays_shadowmarks_smallmultiples,shadowmarkers,1,Performance,4
52,overlays_shadowmarks_smallmultiples,shadowmarkers,1,Effort,6
52,overlays_shadowmarks_smallmultiples,shadowmarkers,1,Frustration,3
52,overlays_shadowmarks_smallmultiples,shadowmarkers,1,Guessing,3
52,overlays_shadowmarks_smallmultiples,shadowmarkers,1,PerceivedAccuracy,5
52,overlays_shadowmarks_smallmultiples,shadowmarkers,1,TaskDifficulty,5
52,overlays_shadowmarks_smallmultiples,shadowmarkers,1,TechniqueDifficulty,4
54,shadowmarks_smallmultiples_overlays,smallmultiples,1,MentalDemand,6
54,shadowmarks_smallmultiples_overlays,smallmultiples,1,PhysicalDemand,4
54,shadowmarks_smallmultiples_overlays,smallmultiples,1,TemporalDemand,4
54,shadowmarks_smallmultiples_overlays,smallmultiples,1,Performance,6
54,shadowmarks_smallmultiples_overlays,smallmultiples,1,Effort,6
54,shadowmarks_smallmultiples_overlays,smallmultiples,1,Frustration,5
54,shadowmarks_smallmultiples_overlays,smallmultiples,1,Guessing,5
54,shadowmarks_smallmultiples_overlays,smallmultiples,1,PerceivedAccuracy,3
54,shadowmarks_smallmultiples_overlays,smallmultiples,1,TaskDifficulty,6
54,shadowmarks_smallmultiples_overlays,smallmultiples,1,TechniqueDifficulty,5
54,shadowmarks_smallmultiples_overlays,overlays,1,MentalDemand,7
54,shadowmarks_smallmultiples_overlays,overlays,1,PhysicalDemand,5
54,shadowmarks_smallmultiples_overlays,overlays,1,TemporalDemand,3
54,shadowmarks_smallmultiples_overlays,overlays,1,Performance,2
54,shadowmarks_smallmultiples_overlays,overlays,1,Effort,6
54,shadowmarks_smallmultiples_overlays,overlays,1,Frustration,3
54,shadowmarks_smallmultiples_overlays,overlays,1,Guessing,3
54,shadowmarks_smallmultiples_overlays,overlays,1,PerceivedAccuracy,6
54,shadowmarks_smallmultiples_overlays,overlays,1,TaskDifficulty,7
54,shadowmarks_smallmultiples_overlays,overlays,1,TechniqueDifficulty,2
54,shadowmarks_smallmultiples_overlays,shadowmarkers,1,MentalDemand,3
54,shadowmarks_smallmultiples_overlays,shadowmarkers,1,PhysicalDemand,5
54,shadowmarks_smallmultiples_overlays,shadowmarkers,1,TemporalDemand,3
54,shadowmarks_smallmultiples_overlays,shadowmarkers,1,Performance,1
54,shadowmarks_smallmultiples_overlays,shadowmarkers,1,Effort,2
54,shadowmarks_smallmultiples_overlays,shadowmarkers,1,Frustration,1
54,shadowmarks_smallmultiples_overlays,shadowmarkers,1,Guessing,2
54,shadowmarks_smallmultiples_overlays,shadowmarkers,1,PerceivedAccuracy,7
54,shadowmarks_smallmultiples_overlays,shadowmarkers,1,TaskDifficulty,3
54,shadowmarks_smallmultiples_overlays,shadowmarkers,1,TechniqueDifficulty,2
57,overlays_smallmultiples_shadowmarks,smallmultiples,1,MentalDemand,5
57,overlays_smallmultiples_shadowmarks,smallmultiples,1,PhysicalDemand,2
57,overlays_smallmultiples_shadowmarks,smallmultiples,1,TemporalDemand,4
57,overlays_smallmultiples_shadowmarks,smallmultiples,1,Performance,6
57,overlays_smallmultiples_shadowmarks,smallmultiples,1,Effort,4
57,overlays_smallmultiples_shadowmarks,smallmultiples,1,Frustration,6
57,overlays_smallmultiples_shadowmarks,smallmultiples,1,Guessing,6
57,overlays_smallmultiples_shadowmarks,smallmultiples,1,PerceivedAccuracy,2
57,overlays_smallmultiples_shadowmarks,smallmultiples,1,TaskDifficulty,5
57,overlays_smallmultiples_shadowmarks,smallmultiples,1,TechniqueDifficulty,3
57,overlays_smallmultiples_shadowmarks,overlays,1,MentalDemand,6
57,overlays_smallmultiples_shadowmarks,overlays,1,PhysicalDemand,2
57,overlays_smallmultiples_shadowmarks,overlays,1,TemporalDemand,4
57,overlays_smallmultiples_shadowmarks,overlays,1,Performance,5
57,overlays_smallmultiples_shadowmarks,overlays,1,Effort,6
57,overlays_smallmultiples_shadowmarks,overlays,1,Frustration,6
57,overlays_smallmultiples_shadowmarks,overlays,1,Guessing,5
57,overlays_smallmultiples_shadowmarks,overlays,1,PerceivedAccuracy,2
57,overlays_smallmultiples_shadowmarks,overlays,1,TaskDifficulty,6
57,overlays_smallmultiples_shadowmarks,overlays,1,TechniqueDifficulty,5
57,overlays_smallmultiples_shadowmarks,shadowmarkers,1,MentalDemand,6
57,overlays_smallmultiples_shadowmarks,shadowmarkers,1,PhysicalDemand,3
57,overlays_smallmultiples_shadowmarks,shadowmarkers,1,TemporalDemand,4
57,overlays_smallmultiples_shadowmarks,shadowmarkers,1,Performance,2
57,overlays_smallmultiples_shadowmarks,shadowmarkers,1,Effort,6
57,overlays_smallmultiples_shadowmarks,shadowmarkers,1,Frustration,5
57,overlays_smallmultiples_shadowmarks,shadowmarkers,1,Guessing,2
57,overlays_smallmultiples_shadowmarks,shadowmarkers,1,PerceivedAccuracy,6
57,overlays_smallmultiples_shadowmarks,shadowmarkers,1,TaskDifficulty,4
57,overlays_smallmultiples_shadowmarks,shadowmarkers,1,TechniqueDifficulty,2
60,overlays_shadowmarks_smallmultiples,smallmultiples,1,MentalDemand,7
60,overlays_shadowmarks_smallmultiples,smallmultiples,1,PhysicalDemand,5
60,overlays_shadowmarks_smallmultiples,smallmultiples,1,TemporalDemand,6
60,overlays_shadowmarks_smallmultiples,smallmultiples,1,Performance,4
60,overlays_shadowmarks_smallmultiples,smallmultiples,1,Effort,6
60,overlays_shadowmarks_smallmultiples,smallmultiples,1,Frustration,5
60,overlays_shadowmarks_smallmultiples,smallmultiples,1,Guessing,6
60,overlays_shadowmarks_smallmultiples,smallmultiples,1,PerceivedAccuracy,4
60,overlays_shadowmarks_smallmultiples,smallmultiples,1,TaskDifficulty,6
60,overlays_shadowmarks_smallmultiples,smallmultiples,1,TechniqueDifficulty,5
60,overlays_shadowmarks_smallmultiples,overlays,1,MentalDemand,5
60,overlays_shadowmarks_smallmultiples,overlays,1,PhysicalDemand,5
60,overlays_shadowmarks_smallmultiples,overlays,1,TemporalDemand,6
60,overlays_shadowmarks_smallmultiples,overlays,1,Performance,2
60,overlays_shadowmarks_smallmultiples,overlays,1,Effort,3
60,overlays_shadowmarks_smallmultiples,overlays,1,Frustration,2
60,overlays_shadowmarks_smallmultiples,overlays,1,Guessing,3
60,overlays_shadowmarks_smallmultiples,overlays,1,PerceivedAccuracy,5
60,overlays_shadowmarks_smallmultiples,overlays,1,TaskDifficulty,6
60,overlays_shadowmarks_smallmultiples,overlays,1,TechniqueDifficulty,2
60,overlays_shadowmarks_smallmultiples,shadowmarkers,1,MentalDemand,6
60,overlays_shadowmarks_smallmultiples,shadowmarkers,1,PhysicalDemand,5
60,overlays_shadowmarks_smallmultiples,shadowmarkers,1,TemporalDemand,7
60,overlays_shadowmarks_smallmultiples,shadowmarkers,1,Performance,2
60,overlays_shadowmarks_smallmultiples,shadowmarkers,1,Effort,3
60,overlays_shadowmarks_smallmultiples,shadowmarkers,1,Frustration,3
60,overlays_shadowmarks_smallmultiples,shadowmarkers,1,Guessing,2
60,overlays_shadowmarks_smallmultiples,shadowmarkers,1,PerceivedAccuracy,6
60,overlays_shadowmarks_smallmultiples,shadowmarkers,1,TaskDifficulty,3
60,overlays_shadowmarks_smallmultiples,shadowmarkers,1,TechniqueDifficulty,2
62,shadowmarks_overlays_smallmultiples,smallmultiples,1,MentalDemand,1
62,shadowmarks_overlays_smallmultiples,smallmultiples,1,PhysicalDemand,1
62,shadowmarks_overlays_smallmultiples,smallmultiples,1,TemporalDemand,7
62,shadowmarks_overlays_smallmultiples,smallmultiples,1,Performance,7
62,shadowmarks_overlays_smallmultiples,smallmultiples,1,Effort,1
62,shadowmarks_overlays_smallmultiples,smallmultiples,1,Frustration,7
62,shadowmarks_overlays_smallmultiples,smallmultiples,1,Guessing,7
62,shadowmarks_overlays_smallmultiples,smallmultiples,1,PerceivedAccuracy,1
62,shadowmarks_overlays_smallmultiples,smallmultiples,1,TaskDifficulty,7
62,shadowmarks_overlays_smallmultiples,smallmultiples,1,TechniqueDifficulty,1
62,shadowmarks_overlays_smallmultiples,overlays,1,MentalDemand,6
62,shadowmarks_overlays_smallmultiples,overlays,1,PhysicalDemand,1
62,shadowmarks_overlays_smallmultiples,overlays,1,TemporalDemand,5
62,shadowmarks_overlays_smallmultiples,overlays,1,Performance,6
62,shadowmarks_overlays_smallmultiples,overlays,1,Effort,5
62,shadowmarks_overlays_smallmultiples,overlays,1,Frustration,5
62,shadowmarks_overlays_smallmultiples,overlays,1,Guessing,6
62,shadowmarks_overlays_smallmultiples,overlays,1,PerceivedAccuracy,1
62,shadowmarks_overlays_smallmultiples,overlays,1,TaskDifficulty,5
62,shadowmarks_overlays_smallmultiples,overlays,1,TechniqueDifficulty,1
62,shadowmarks_overlays_smallmultiples,shadowmarkers,1,MentalDemand,1
62,shadowmarks_overlays_smallmultiples,shadowmarkers,1,PhysicalDemand,1
62,shadowmarks_overlays_smallmultiples,shadowmarkers,1,TemporalDemand,1
62,shadowmarks_overlays_smallmultiples,shadowmarkers,1,Performance,4
62,shadowmarks_overlays_smallmultiples,shadowmarkers,1,Effort,6
62,shadowmarks_overlays_smallmultiples,shadowmarkers,1,Frustration,1
62,shadowmarks_overlays_smallmultiples,shadowmarkers,1,Guessing,1
62,shadowmarks_overlays_smallmultiples,shadowmarkers,1,PerceivedAccuracy,5
62,shadowmarks_overlays_smallmultiples,shadowmarkers,1,TaskDifficulty,5
62,shadowmarks_overlays_smallmultiples,shadowmarkers,1,TechniqueDifficulty,3
65,overlays_shadowmarks_smallmultiples,smallmultiples,1,MentalDemand,7
65,overlays_shadowmarks_smallmultiples,smallmultiples,1,PhysicalDemand,1
65,overlays_shadowmarks_smallmultiples,smallmultiples,1,TemporalDemand,1
65,overlays_shadowmarks_smallmultiples,smallmultiples,1,Performance,7
65,overlays_shadowmarks_smallmultiples,smallmultiples,1,Effort,7
65,overlays_shadowmarks_smallmultiples,smallmultiples,1,Frustration,6
65,overlays_shadowmarks_smallmultiples,smallmultiples,1,Guessing,7
65,overlays_shadowmarks_smallmultiples,smallmultiples,1,PerceivedAccuracy,1
65,overlays_shadowmarks_smallmultiples,smallmultiples,1,TaskDifficulty,7
65,overlays_shadowmarks_smallmultiples,smallmultiples,1,TechniqueDifficulty,5
65,overlays_shadowmarks_smallmultiples,overlays,1,MentalDemand,6
65,overlays_shadowmarks_smallmultiples,overlays,1,PhysicalDemand,1
65,overlays_shadowmarks_smallmultiples,overlays,1,TemporalDemand,1
65,overlays_shadowmarks_smallmultiples,overlays,1,Performance,3
65,overlays_shadowmarks_smallmultiples,overlays,1,Effort,6
65,overlays_shadowmarks_smallmultiples,overlays,1,Frustration,2
65,overlays_shadowmarks_smallmultiples,overlays,1,Guessing,6
65,overlays_shadowmarks_smallmultiples,overlays,1,PerceivedAccuracy,5
65,overlays_shadowmarks_smallmultiples,overlays,1,TaskDifficulty,5
65,overlays_shadowmarks_smallmultiples,overlays,1,TechniqueDifficulty,3
65,overlays_shadowmarks_smallmultiples,shadowmarkers,1,MentalDemand,7
65,overlays_shadowmarks_smallmultiples,shadowmarkers,1,PhysicalDemand,1
65,overlays_shadowmarks_smallmultiples,shadowmarkers,1,TemporalDemand,1
65,overlays_shadowmarks_smallmultiples,shadowmarkers,1,Performance,6
65,overlays_shadowmarks_smallmultiples,shadowmarkers,1,Effort,6
65,overlays_shadowmarks_smallmultiples,shadowmarkers,1,Frustration,3
65,overlays_shadowmarks_smallmultiples,shadowmarkers,1,Guessing,6
65,overlays_shadowmarks_smallmultiples,shadowmarkers,1,PerceivedAccuracy,3
65,overlays_shadowmarks_smallmultiples,shadowmarkers,1,TaskDifficulty,7
65,overlays_shadowmarks_smallmultiples,shadowmarkers,1,TechniqueDifficulty,3
66,shadowmarks_overlays_smallmultiples,smallmultiples,1,MentalDemand,3
66,shadowmarks_overlays_smallmultiples,smallmultiples,1,PhysicalDemand,1
66,shadowmarks_overlays_smallmultiples,smallmultiples,1,TemporalDemand,3
66,shadowmarks_overlays_smallmultiples,smallmultiples,1,Performance,6
66,shadowmarks_overlays_smallmultiples,smallmultiples,1,Effort,3
66,shadowmarks_overlays_smallmultiples,smallmultiples,1,Frustration,7
66,shadowmarks_overlays_smallmultiples,smallmultiples,1,Guessing,6
66,shadowmarks_overlays_smallmultiples,smallmultiples,1,PerceivedAccuracy,1
66,shadowmarks_overlays_smallmultiples,smallmultiples,1,TaskDifficulty,7
66,shadowmarks_overlays_smallmultiples,smallmultiples,1,TechniqueDifficulty,1
66,shadowmarks_overlays_smallmultiples,overlays,1,MentalDemand,6
66,shadowmarks_overlays_smallmultiples,overlays,1,PhysicalDemand,1
66,shadowmarks_overlays_smallmultiples,overlays,1,TemporalDemand,2
66,shadowmarks_overlays_smallmultiples,overlays,1,Performance,1
66,shadowmarks_overlays_smallmultiples,overlays,1,Effort,6
66,shadowmarks_overlays_smallmultiples,overlays,1,Frustration,6
66,shadowmarks_overlays_smallmultiples,overlays,1,Guessing,5
66,shadowmarks_overlays_smallmultiples,overlays,1,PerceivedAccuracy,5
66,shadowmarks_overlays_smallmultiples,overlays,1,TaskDifficulty,5
66,shadowmarks_overlays_smallmultiples,overlays,1,TechniqueDifficulty,2
66,shadowmarks_overlays_smallmultiples,shadowmarkers,1,MentalDemand,5
66,shadowmarks_overlays_smallmultiples,shadowmarkers,1,PhysicalDemand,2
66,shadowmarks_overlays_smallmultiples,shadowmarkers,1,TemporalDemand,5
66,shadowmarks_overlays_smallmultiples,shadowmarkers,1,Performance,5
66,shadowmarks_overlays_smallmultiples,shadowmarkers,1,Effort,3
66,shadowmarks_overlays_smallmultiples,shadowmarkers,1,Frustration,1
66,shadowmarks_overlays_smallmultiples,shadowmarkers,1,Guessing,2
66,shadowmarks_overlays_smallmultiples,shadowmarkers,1,PerceivedAccuracy,5
66,shadowmarks_overlays_smallmultiples,shadowmarkers,1,TaskDifficulty,2
66,shadowmarks_overlays_smallmultiples,shadowmarkers,1,TechniqueDifficulty,1
67,shadowmarks_overlays_smallmultiples,smallmultiples,1,MentalDemand,6
67,shadowmarks_overlays_smallmultiples,smallmultiples,1,PhysicalDemand,2
67,shadowmarks_overlays_smallmultiples,smallmultiples,1,TemporalDemand,2
67,shadowmarks_overlays_smallmultiples,smallmultiples,1,Performance,5
67,shadowmarks_overlays_smallmultiples,smallmultiples,1,Effort,5
67,shadowmarks_overlays_smallmultiples,smallmultiples,1,Frustration,5
67,shadowmarks_overlays_smallmultiples,smallmultiples,1,Guessing,5
67,shadowmarks_overlays_smallmultiples,smallmultiples,1,PerceivedAccuracy,3
67,shadowmarks_overlays_smallmultiples,smallmultiples,1,TaskDifficulty,5
67,shadowmarks_overlays_smallmultiples,smallmultiples,1,TechniqueDifficulty,5
67,shadowmarks_overlays_smallmultiples,overlays,1,MentalDemand,6
67,shadowmarks_overlays_smallmultiples,overlays,1,PhysicalDemand,2
67,shadowmarks_overlays_smallmultiples,overlays,1,TemporalDemand,3
67,shadowmarks_overlays_smallmultiples,overlays,1,Performance,5
67,shadowmarks_overlays_smallmultiples,overlays,1,Effort,5
67,shadowmarks_overlays_smallmultiples,overlays,1,Frustration,5
67,shadowmarks_overlays_smallmultiples,overlays,1,Guessing,6
67,shadowmarks_overlays_smallmultiples,overlays,1,PerceivedAccuracy,3
67,shadowmarks_overlays_smallmultiples,overlays,1,TaskDifficulty,6
67,shadowmarks_overlays_smallmultiples,overlays,1,TechniqueDifficulty,5
67,shadowmarks_overlays_smallmultiples,shadowmarkers,1,MentalDemand,5
67,shadowmarks_overlays_smallmultiples,shadowmarkers,1,PhysicalDemand,3
67,shadowmarks_overlays_smallmultiples,shadowmarkers,1,TemporalDemand,5
67,shadowmarks_overlays_smallmultiples,shadowmarkers,1,Performance,4
67,shadowmarks_overlays_smallmultiples,shadowmarkers,1,Effort,5
67,shadowmarks_overlays_smallmultiples,shadowmarkers,1,Frustration,4
67,shadowmarks_overlays_smallmultiples,shadowmarkers,1,Guessing,5
67,shadowmarks_overlays_smallmultiples,shadowmarkers,1,PerceivedAccuracy,5
67,shadowmarks_overlays_smallmultiples,shadowmarkers,1,TaskDifficulty,5
67,shadowmarks_overlays_smallmultiples,shadowmarkers,1,TechniqueDifficulty,5
75,shadowmarks_smallmultiples_overlays,smallmultiples,1,MentalDemand,6
75,shadowmarks_smallmultiples_overlays,smallmultiples,1,PhysicalDemand,2
75,shadowmarks_smallmultiples_overlays,smallmultiples,1,TemporalDemand,6
75,shadowmarks_smallmultiples_overlays,smallmultiples,1,Performance,5
75,shadowmarks_smallmultiples_overlays,smallmultiples,1,Effort,6
75,shadowmarks_smallmultiples_overlays,smallmultiples,1,Frustration,5
75,shadowmarks_smallmultiples_overlays,smallmultiples,1,Guessing,5
75,shadowmarks_smallmultiples_overlays,smallmultiples,1,PerceivedAccuracy,3
75,shadowmarks_smallmultiples_overlays,smallmultiples,1,TaskDifficulty,6
75,shadowmarks_smallmultiples_overlays,smallmultiples,1,TechniqueDifficulty,4
75,shadowmarks_smallmultiples_overlays,overlays,1,MentalDemand,6
75,shadowmarks_smallmultiples_overlays,overlays,1,PhysicalDemand,2
75,shadowmarks_smallmultiples_overlays,overlays,1,TemporalDemand,6
75,shadowmarks_smallmultiples_overlays,overlays,1,Performance,5
75,shadowmarks_smallmultiples_overlays,overlays,1,Effort,7
75,shadowmarks_smallmultiples_overlays,overlays,1,Frustration,5
75,shadowmarks_smallmultiples_overlays,overlays,1,Guessing,6
75,shadowmarks_smallmultiples_overlays,overlays,1,PerceivedAccuracy,2
75,shadowmarks_smallmultiples_overlays,overlays,1,TaskDifficulty,6
75,shadowmarks_smallmultiples_overlays,overlays,1,TechniqueDifficulty,6
75,shadowmarks_smallmultiples_overlays,shadowmarkers,1,MentalDemand,5
75,shadowmarks_smallmultiples_overlays,shadowmarkers,1,PhysicalDemand,2
75,shadowmarks_smallmultiples_overlays,shadowmarkers,1,TemporalDemand,5
75,shadowmarks_smallmultiples_overlays,shadowmarkers,1,Performance,3
75,shadowmarks_smallmultiples_overlays,shadowmarkers,1,Effort,5
75,shadowmarks_smallmultiples_overlays,shadowmarkers,1,Frustration,2
75,shadowmarks_smallmultiples_overlays,shadowmarkers,1,Guessing,2
75,shadowmarks_smallmultiples_overlays,shadowmarkers,1,PerceivedAccuracy,5
75,shadowmarks_smallmultiples_overlays,shadowmarkers,1,TaskDifficulty,3
75,shadowmarks_smallmultiples_overlays,shadowmarkers,1,TechniqueDifficulty,5
